{
  "CAMARINES SUR": {
    "municipality_list": {
      "BAAO": {
        "barangay_list": [
          {
            "name": "AGDANGAN POB. (SAN CAYETANO)",
            "code": 95989
          },
          {
            "name": "ANTIPOLO",
            "code": 26528
          },
          {
            "name": "BAGUMBAYAN",
            "code": 97170
          },
          {
            "name": "BULUANG (SAN ANTONIO)",
            "code": 91866
          },
          {
            "name": "CARANDAY (LA PURISIMA)",
            "code": 25870
          },
          {
            "name": "CRISTO REY",
            "code": 69520
          },
          {
            "name": "DEL PILAR",
            "code": 81852
          },
          {
            "name": "DEL ROSARIO (POB.)",
            "code": 43136
          },
          {
            "name": "IYAGAN",
            "code": 67686
          },
          {
            "name": "LA MEDALLA",
            "code": 14750
          },
          {
            "name": "LOURDES",
            "code": 15340
          },
          {
            "name": "NABABARERA",
            "code": 44442
          },
          {
            "name": "PUGAY (SAN RAFAEL)",
            "code": 60063
          },
          {
            "name": "SAGRADA",
            "code": 54346
          },
          {
            "name": "SALVACION",
            "code": 66084
          },
          {
            "name": "SAN FRANCISCO (POB.)",
            "code": 30719
          },
          {
            "name": "SAN ISIDRO",
            "code": 21782
          },
          {
            "name": "SAN JOSE (POB.)",
            "code": 29239
          },
          {
            "name": "SAN JUAN",
            "code": 82839
          },
          {
            "name": "SAN NICOLAS (POB.)",
            "code": 63852
          },
          {
            "name": "SAN RAFAEL (IKPAN)",
            "code": 27983
          },
          {
            "name": "SAN RAMON (POB.)",
            "code": 54993
          },
          {
            "name": "SAN ROQUE (POB.)",
            "code": 32306
          },
          {
            "name": "SAN VICENTE",
            "code": 19998
          },
          {
            "name": "SANTA CRUZ (POB.)",
            "code": 46064
          },
          {
            "name": "SANTA EULALIA",
            "code": 64156
          },
          {
            "name": "SANTA ISABEL",
            "code": 17132
          },
          {
            "name": "SANTA TERESA (VIGA)",
            "code": 69133
          },
          {
            "name": "SANTA TERESITA",
            "code": 69444
          },
          {
            "name": "TAPOL",
            "code": 15082
          }
        ]
      },
      "BALATAN": {
        "barangay_list": [
          {
            "name": "CABANBANAN",
            "code": 75635
          },
          {
            "name": "CABUNGAN",
            "code": 42678
          },
          {
            "name": "CAMANGAHAN (CAORASAN)",
            "code": 37289
          },
          {
            "name": "CAYOGCOG",
            "code": 29807
          },
          {
            "name": "COGUIT",
            "code": 28465
          },
          {
            "name": "DURAN",
            "code": 95823
          },
          {
            "name": "LAGANAC",
            "code": 69885
          },
          {
            "name": "LULUASAN",
            "code": 65676
          },
          {
            "name": "MONTENEGRO (MAGUIRON)",
            "code": 36716
          },
          {
            "name": "PARARAO",
            "code": 78873
          },
          {
            "name": "PULANG DAGA",
            "code": 53081
          },
          {
            "name": "SAGRADA NACACALE",
            "code": 21473
          },
          {
            "name": "SAN FRANCISCO",
            "code": 11980
          },
          {
            "name": "SANTIAGO NACACALE",
            "code": 49484
          },
          {
            "name": "SIRAMAG (POB.)",
            "code": 70133
          },
          {
            "name": "TAPAYAS",
            "code": 60162
          },
          {
            "name": "TOMATARAYO",
            "code": 44251
          }
        ]
      },
      "BATO": {
        "barangay_list": [
          {
            "name": "AGOS",
            "code": 81361
          },
          {
            "name": "BACOLOD",
            "code": 59420
          },
          {
            "name": "BULUANG",
            "code": 91895
          },
          {
            "name": "CARICOT",
            "code": 92413
          },
          {
            "name": "CAWACAGAN",
            "code": 66513
          },
          {
            "name": "COTMON",
            "code": 89812
          },
          {
            "name": "CRISTO REY",
            "code": 94467
          },
          {
            "name": "DEL ROSARIO",
            "code": 59558
          },
          {
            "name": "DIVINA PASTORA (POB.)",
            "code": 48661
          },
          {
            "name": "GOYUDAN",
            "code": 94322
          },
          {
            "name": "LOBONG",
            "code": 62297
          },
          {
            "name": "LUBIGAN",
            "code": 74522
          },
          {
            "name": "MAINIT",
            "code": 65015
          },
          {
            "name": "MANGA (MANGGA)",
            "code": 61251
          },
          {
            "name": "MASOLI",
            "code": 39994
          },
          {
            "name": "NEIGHBORHOOD",
            "code": 88947
          },
          {
            "name": "NIÑO JESUS",
            "code": 72131
          },
          {
            "name": "PAGATPATAN",
            "code": 76190
          },
          {
            "name": "PALO",
            "code": 81795
          },
          {
            "name": "PAYAK",
            "code": 69644
          },
          {
            "name": "SAGRADA (SAGRADA FAMILIA)",
            "code": 87395
          },
          {
            "name": "SALVACION",
            "code": 48284
          },
          {
            "name": "SAN ISIDRO (POB.)",
            "code": 49813
          },
          {
            "name": "SAN JUAN",
            "code": 61974
          },
          {
            "name": "SAN MIGUEL",
            "code": 61534
          },
          {
            "name": "SAN RAFAEL (POB.)",
            "code": 39568
          },
          {
            "name": "SAN ROQUE",
            "code": 38712
          },
          {
            "name": "SAN VICENTE",
            "code": 35695
          },
          {
            "name": "SANTA CRUZ (POB.)",
            "code": 16399
          },
          {
            "name": "SANTIAGO (POB.)",
            "code": 10510
          },
          {
            "name": "SOOC",
            "code": 21948
          },
          {
            "name": "TAGPOLO",
            "code": 61244
          },
          {
            "name": "TRES REYES (POB.)",
            "code": 72892
          }
        ]
      },
      "BOMBON": {
        "barangay_list": [
          {
            "name": "PAGAO (SAN JUAN)",
            "code": 23616
          },
          {
            "name": "SAN ANTONIO",
            "code": 48553
          },
          {
            "name": "SAN FRANCISCO",
            "code": 89175
          },
          {
            "name": "SAN ISIDRO (POB.)",
            "code": 65685
          },
          {
            "name": "SAN JOSE (POB.)",
            "code": 94572
          },
          {
            "name": "SAN ROQUE (POB.)",
            "code": 26875
          },
          {
            "name": "SANTO DOMINGO",
            "code": 48368
          },
          {
            "name": "SIEMBRE",
            "code": 35477
          }
        ]
      },
      "BUHI": {
        "barangay_list": [
          {
            "name": "AMLONGAN (DEL ROSARIO)",
            "code": 83055
          },
          {
            "name": "ANTIPOLO",
            "code": 73716
          },
          {
            "name": "BUROCBUSOC",
            "code": 23036
          },
          {
            "name": "CABATUAN",
            "code": 84326
          },
          {
            "name": "CAGMASLOG",
            "code": 95104
          },
          {
            "name": "DE LA FE",
            "code": 89024
          },
          {
            "name": "DELOS ANGELES (LOS ANGELES)",
            "code": 90404
          },
          {
            "name": "DIVINO ROSTRO",
            "code": 10142
          },
          {
            "name": "GABAS",
            "code": 59125
          },
          {
            "name": "IBAYUGAN",
            "code": 80641
          },
          {
            "name": "IGBAC",
            "code": 36967
          },
          {
            "name": "IPIL (FATIMA)",
            "code": 86875
          },
          {
            "name": "IRAYA (DEL ROSARIO)",
            "code": 90873
          },
          {
            "name": "LABAWON (SANTA TERESITA)",
            "code": 83136
          },
          {
            "name": "LOURDES (SANTA LOURDES)",
            "code": 28350
          },
          {
            "name": "MACAANGAY",
            "code": 20001
          },
          {
            "name": "MONTE CALVARIO",
            "code": 33750
          },
          {
            "name": "NAMURABOD",
            "code": 19493
          },
          {
            "name": "SAGRADA FAMILIA",
            "code": 81821
          },
          {
            "name": "SALVACION",
            "code": 22383
          },
          {
            "name": "SAN ANTONIO",
            "code": 97897
          },
          {
            "name": "SAN BUENAVENTURA (POB.)",
            "code": 88191
          },
          {
            "name": "SAN FRANCISCO (PARADA)",
            "code": 33205
          },
          {
            "name": "SAN ISIDRO",
            "code": 21224
          },
          {
            "name": "SAN JOSE BAYBAYON",
            "code": 10342
          },
          {
            "name": "SAN JOSE SALAY",
            "code": 90067
          },
          {
            "name": "SAN PASCUAL (POB.)",
            "code": 40131
          },
          {
            "name": "SAN PEDRO (POB.)",
            "code": 83131
          },
          {
            "name": "SAN RAFAEL",
            "code": 60883
          },
          {
            "name": "SAN RAMON",
            "code": 40772
          },
          {
            "name": "SAN ROQUE (POB.)",
            "code": 88221
          },
          {
            "name": "SAN VICENTE",
            "code": 26663
          },
          {
            "name": "SANTA CLARA (POB.)",
            "code": 19845
          },
          {
            "name": "SANTA CRUZ",
            "code": 10963
          },
          {
            "name": "SANTA ELENA (POB.)",
            "code": 53352
          },
          {
            "name": "SANTA ISABEL",
            "code": 57037
          },
          {
            "name": "SANTA JUSTINA",
            "code": 91716
          },
          {
            "name": "TAMBO",
            "code": 19586
          }
        ]
      },
      "BULA": {
        "barangay_list": [
          {
            "name": "BAGOLADIO",
            "code": 86487
          },
          {
            "name": "BAGUMBAYAN",
            "code": 54375
          },
          {
            "name": "BALAOGAN",
            "code": 82949
          },
          {
            "name": "CAORASAN",
            "code": 64526
          },
          {
            "name": "CASUGAD",
            "code": 61410
          },
          {
            "name": "CAUSIP",
            "code": 82205
          },
          {
            "name": "FABRICA",
            "code": 27012
          },
          {
            "name": "INOYONAN",
            "code": 63010
          },
          {
            "name": "ITANGON",
            "code": 70552
          },
          {
            "name": "KINALABASAHAN",
            "code": 59300
          },
          {
            "name": "LA PURISIMA",
            "code": 10466
          },
          {
            "name": "LA VICTORIA",
            "code": 81543
          },
          {
            "name": "LANIPGA",
            "code": 78770
          },
          {
            "name": "LUBGAN",
            "code": 22958
          },
          {
            "name": "OMBAO HEIGHTS",
            "code": 79067
          },
          {
            "name": "OMBAO POLPOG",
            "code": 99561
          },
          {
            "name": "PALSONG",
            "code": 59734
          },
          {
            "name": "PANOYPOYAN",
            "code": 64290
          },
          {
            "name": "PAWILI",
            "code": 53639
          },
          {
            "name": "SAGRADA (SAGRADA FAMILIA)",
            "code": 99974
          },
          {
            "name": "SALVACION (POB.)",
            "code": 47908
          },
          {
            "name": "SAN AGUSTIN",
            "code": 19056
          },
          {
            "name": "SAN FRANCISCO",
            "code": 50607
          },
          {
            "name": "SAN ISIDRO",
            "code": 75100
          },
          {
            "name": "SAN JOSE",
            "code": 31373
          },
          {
            "name": "SAN MIGUEL",
            "code": 22879
          },
          {
            "name": "SAN RAMON",
            "code": 15628
          },
          {
            "name": "SAN ROQUE (POB.)",
            "code": 39477
          },
          {
            "name": "SAN ROQUE HEIGHTS",
            "code": 52186
          },
          {
            "name": "SANTA ELENA",
            "code": 73584
          },
          {
            "name": "SANTO DOMINGO",
            "code": 90102
          },
          {
            "name": "SANTO NIÑO",
            "code": 34768
          },
          {
            "name": "TAISAN",
            "code": 66999
          }
        ]
      },
      "CABUSAO": {
        "barangay_list": [
          {
            "name": "BARCELONITA",
            "code": 79667
          },
          {
            "name": "BIONG",
            "code": 64623
          },
          {
            "name": "CAMAGONG",
            "code": 58112
          },
          {
            "name": "CASTILLO",
            "code": 29823
          },
          {
            "name": "NEW POBLACION",
            "code": 16650
          },
          {
            "name": "PANDAN",
            "code": 51534
          },
          {
            "name": "SAN PEDRO",
            "code": 99844
          },
          {
            "name": "SANTA CRUZ",
            "code": 42184
          },
          {
            "name": "SANTA LUTGARDA (POB.)",
            "code": 68003
          }
        ]
      },
      "CALABANGA": {
        "barangay_list": [
          {
            "name": "BALATASAN",
            "code": 99947
          },
          {
            "name": "BALOMBON",
            "code": 67758
          },
          {
            "name": "BALONGAY",
            "code": 83284
          },
          {
            "name": "BELEN",
            "code": 87521
          },
          {
            "name": "BIGAAS",
            "code": 99279
          },
          {
            "name": "BINALIW",
            "code": 33086
          },
          {
            "name": "BINANUAANAN GRANDE",
            "code": 63410
          },
          {
            "name": "BINANUAANAN PEQUEÑO",
            "code": 37236
          },
          {
            "name": "BONOT-SANTA ROSA",
            "code": 13077
          },
          {
            "name": "BURABOD",
            "code": 71869
          },
          {
            "name": "CABANBANAN",
            "code": 99670
          },
          {
            "name": "CAGSAO",
            "code": 60987
          },
          {
            "name": "CAMUNING",
            "code": 94443
          },
          {
            "name": "COMAGUINGKING",
            "code": 75148
          },
          {
            "name": "DEL CARMEN (POB.)",
            "code": 16640
          },
          {
            "name": "DOMINOROG",
            "code": 48872
          },
          {
            "name": "FABRICA",
            "code": 89173
          },
          {
            "name": "HAROBAY",
            "code": 32061
          },
          {
            "name": "LA PURISIMA",
            "code": 95778
          },
          {
            "name": "LUGSAD",
            "code": 69222
          },
          {
            "name": "MANGUIRING",
            "code": 62219
          },
          {
            "name": "PAGATPAT (SAN JOSE)",
            "code": 67942
          },
          {
            "name": "PAOLBO",
            "code": 77076
          },
          {
            "name": "PINADA",
            "code": 91437
          },
          {
            "name": "PUNTA TARAWAL",
            "code": 38857
          },
          {
            "name": "QUINALE",
            "code": 16315
          },
          {
            "name": "SABANG",
            "code": 83059
          },
          {
            "name": "SALVACION-BAYBAY",
            "code": 15416
          },
          {
            "name": "SAN ANTONIO (QUIPAYO)",
            "code": 19605
          },
          {
            "name": "SAN ANTONIO POBLACION",
            "code": 79393
          },
          {
            "name": "SAN BERNARDINO",
            "code": 39646
          },
          {
            "name": "SAN FRANCISCO (POB.)",
            "code": 70197
          },
          {
            "name": "SAN ISIDRO",
            "code": 74463
          },
          {
            "name": "SAN LUCAS",
            "code": 33401
          },
          {
            "name": "SAN MIGUEL (POB.)",
            "code": 89095
          },
          {
            "name": "SAN PABLO (POB.)",
            "code": 99816
          },
          {
            "name": "SAN ROQUE",
            "code": 65026
          },
          {
            "name": "SAN VICENTE (POB.)",
            "code": 65040
          },
          {
            "name": "SANTA CRUZ POBLACION",
            "code": 23087
          },
          {
            "name": "SANTA CRUZ RATAY",
            "code": 52539
          },
          {
            "name": "SANTA ISABEL (POB.)",
            "code": 16619
          },
          {
            "name": "SANTA SALUD (POB.)",
            "code": 22278
          },
          {
            "name": "SANTO DOMINGO",
            "code": 31997
          },
          {
            "name": "SANTO NIÑO2 (QUIPAYO)",
            "code": 50095
          },
          {
            "name": "SIBA-O",
            "code": 83783
          },
          {
            "name": "SIBOBO",
            "code": 28228
          },
          {
            "name": "SOGOD",
            "code": 96723
          },
          {
            "name": "TOMAGODTOD",
            "code": 49798
          }
        ]
      },
      "CAMALIGAN": {
        "barangay_list": [
          {
            "name": "DUGCAL",
            "code": 85859
          },
          {
            "name": "MARUPIT",
            "code": 45902
          },
          {
            "name": "SAN FRANCISCO",
            "code": 64996
          },
          {
            "name": "SAN JOSE-SAN PABLO (POB.)",
            "code": 15437
          },
          {
            "name": "SAN JUAN-SAN RAMON (POB.)",
            "code": 17912
          },
          {
            "name": "SAN LUCAS (POB.)",
            "code": 71681
          },
          {
            "name": "SAN MARCOS (POB.)",
            "code": 94821
          },
          {
            "name": "SAN MATEO (POB.)",
            "code": 71183
          },
          {
            "name": "SAN ROQUE",
            "code": 49753
          },
          {
            "name": "SANTO DOMINGO (POB.)",
            "code": 64740
          },
          {
            "name": "SANTO TOMAS (POB.)",
            "code": 51415
          },
          {
            "name": "SUA",
            "code": 10711
          },
          {
            "name": "TAROSANAN",
            "code": 51602
          }
        ]
      },
      "CANAMAN": {
        "barangay_list": [
          {
            "name": "BARAS (POB.)",
            "code": 67919
          },
          {
            "name": "DEL ROSARIO",
            "code": 71714
          },
          {
            "name": "DINAGA (POB.)",
            "code": 47972
          },
          {
            "name": "FUNDADO",
            "code": 61341
          },
          {
            "name": "HARING",
            "code": 25993
          },
          {
            "name": "IQUIN",
            "code": 79034
          },
          {
            "name": "LINAGA",
            "code": 58708
          },
          {
            "name": "MANGAYAWAN",
            "code": 95996
          },
          {
            "name": "PALO",
            "code": 82156
          },
          {
            "name": "PANGPANG (POB.)",
            "code": 53555
          },
          {
            "name": "PORO",
            "code": 55743
          },
          {
            "name": "SAN AGUSTIN",
            "code": 90351
          },
          {
            "name": "SAN FRANCISCO",
            "code": 92119
          },
          {
            "name": "SAN JOSE EAST",
            "code": 55633
          },
          {
            "name": "SAN JOSE WEST",
            "code": 11768
          },
          {
            "name": "SAN JUAN",
            "code": 84540
          },
          {
            "name": "SAN NICOLAS",
            "code": 35356
          },
          {
            "name": "SAN ROQUE",
            "code": 94329
          },
          {
            "name": "SAN VICENTE",
            "code": 13179
          },
          {
            "name": "SANTA CRUZ (POB.)",
            "code": 86441
          },
          {
            "name": "SANTA TERESITA",
            "code": 50463
          },
          {
            "name": "SUA",
            "code": 38098
          },
          {
            "name": "TALIDTID",
            "code": 73346
          },
          {
            "name": "TIBGAO (POB.)",
            "code": 77944
          }
        ]
      },
      "CARAMOAN": {
        "barangay_list": [
          {
            "name": "AGAAS",
            "code": 96992
          },
          {
            "name": "ANTOLON",
            "code": 31546
          },
          {
            "name": "BACGONG",
            "code": 55401
          },
          {
            "name": "BAHAY",
            "code": 14301
          },
          {
            "name": "BIKAL",
            "code": 91790
          },
          {
            "name": "BINANUAHAN (POB.)",
            "code": 36845
          },
          {
            "name": "CABACONGAN",
            "code": 42111
          },
          {
            "name": "CADONG",
            "code": 64327
          },
          {
            "name": "CANATUAN",
            "code": 82982
          },
          {
            "name": "CAPUTATAN",
            "code": 86433
          },
          {
            "name": "COLONGCOGONG",
            "code": 83567
          },
          {
            "name": "DARAGA",
            "code": 49574
          },
          {
            "name": "GATA",
            "code": 15380
          },
          {
            "name": "GIBGOS",
            "code": 67751
          },
          {
            "name": "GOGON",
            "code": 53953
          },
          {
            "name": "GUIJALO",
            "code": 99438
          },
          {
            "name": "HANOPOL",
            "code": 97662
          },
          {
            "name": "HANOY",
            "code": 59444
          },
          {
            "name": "HAPONAN",
            "code": 54630
          },
          {
            "name": "ILAWOD",
            "code": 52231
          },
          {
            "name": "ILI-CENTRO (POB.)",
            "code": 17751
          },
          {
            "name": "LIDONG",
            "code": 22603
          },
          {
            "name": "LUBAS",
            "code": 43677
          },
          {
            "name": "MALABOG",
            "code": 71777
          },
          {
            "name": "MALIGAYA",
            "code": 46621
          },
          {
            "name": "MAMPIRAO",
            "code": 45823
          },
          {
            "name": "MANDICLUM (MANDICLOM)",
            "code": 93700
          },
          {
            "name": "MAQUEDA",
            "code": 23582
          },
          {
            "name": "MINALABA",
            "code": 92582
          },
          {
            "name": "ORING",
            "code": 70293
          },
          {
            "name": "OROC-OSOC",
            "code": 86488
          },
          {
            "name": "PAGOLINAN",
            "code": 19098
          },
          {
            "name": "PANDANAN",
            "code": 32726
          },
          {
            "name": "PANIMAN",
            "code": 97102
          },
          {
            "name": "PATAG-BELEN",
            "code": 22399
          },
          {
            "name": "PILI-CENTRO",
            "code": 71933
          },
          {
            "name": "PILI-TABIGUIAN",
            "code": 31695
          },
          {
            "name": "POLOAN",
            "code": 37153
          },
          {
            "name": "SALVACION",
            "code": 84877
          },
          {
            "name": "SAN ROQUE",
            "code": 35490
          },
          {
            "name": "SAN VICENTE",
            "code": 19572
          },
          {
            "name": "SANTA CRUZ",
            "code": 66748
          },
          {
            "name": "SOLNOPAN",
            "code": 45006
          },
          {
            "name": "TABGON",
            "code": 73874
          },
          {
            "name": "TABIGUIAN",
            "code": 51331
          },
          {
            "name": "TABOG",
            "code": 86239
          },
          {
            "name": "TAWOG (POB.)",
            "code": 18962
          },
          {
            "name": "TEROGO",
            "code": 19195
          },
          {
            "name": "TOBOAN",
            "code": 56935
          }
        ]
      },
      "DEL GALLEGO": {
        "barangay_list": [
          {
            "name": "BAGONG SILANG",
            "code": 29464
          },
          {
            "name": "BUCAL",
            "code": 47776
          },
          {
            "name": "CABASAG",
            "code": 90882
          },
          {
            "name": "COMADAYCADAY",
            "code": 62970
          },
          {
            "name": "COMADOGCADOG",
            "code": 94020
          },
          {
            "name": "DOMAGONDONG",
            "code": 41159
          },
          {
            "name": "KINALANGAN",
            "code": 65815
          },
          {
            "name": "MABINI",
            "code": 13420
          },
          {
            "name": "MAGAIS I",
            "code": 40982
          },
          {
            "name": "MAGAIS II",
            "code": 18189
          },
          {
            "name": "MANSALAYA",
            "code": 61148
          },
          {
            "name": "NAGKALIT",
            "code": 20765
          },
          {
            "name": "PALASPAS",
            "code": 75449
          },
          {
            "name": "PAMPLONA",
            "code": 37323
          },
          {
            "name": "PASAY",
            "code": 70249
          },
          {
            "name": "PINAGDAPIAN",
            "code": 32568
          },
          {
            "name": "PINUGUSAN",
            "code": 91899
          },
          {
            "name": "POBLACION ZONE III",
            "code": 28092
          },
          {
            "name": "SABANG",
            "code": 46232
          },
          {
            "name": "SALVACION",
            "code": 92498
          },
          {
            "name": "SAN JUAN",
            "code": 22686
          },
          {
            "name": "SAN PABLO",
            "code": 43807
          },
          {
            "name": "SANTA RITA I",
            "code": 28169
          },
          {
            "name": "SANTA RITA II",
            "code": 58485
          },
          {
            "name": "SINAGAWSAWAN",
            "code": 23805
          },
          {
            "name": "SINUKNIPAN I",
            "code": 91462
          },
          {
            "name": "SINUKNIPAN II",
            "code": 68428
          },
          {
            "name": "SUGSUGIN",
            "code": 63273
          },
          {
            "name": "TABION",
            "code": 40728
          },
          {
            "name": "TOMAGOKTOK",
            "code": 95809
          },
          {
            "name": "ZONE I FATIMA (POB.)",
            "code": 61575
          },
          {
            "name": "ZONE II SAN ANTONIO (POB.)",
            "code": 33878
          }
        ]
      },
      "GAINZA": {
        "barangay_list": [
          {
            "name": "CAGBUNGA",
            "code": 52773
          },
          {
            "name": "DAHILIG",
            "code": 29351
          },
          {
            "name": "DISTRICT I (POB.)",
            "code": 96463
          },
          {
            "name": "DISTRICT II (POB.)",
            "code": 13617
          },
          {
            "name": "LOOB",
            "code": 30877
          },
          {
            "name": "MALBONG",
            "code": 36797
          },
          {
            "name": "NAMUAT",
            "code": 33769
          },
          {
            "name": "SAMPALOC",
            "code": 56835
          }
        ]
      },
      "GARCHITORENA": {
        "barangay_list": [
          {
            "name": "ASON (ANSON)",
            "code": 85838
          },
          {
            "name": "BAHI",
            "code": 27205
          },
          {
            "name": "BARANGAY I (POB.)",
            "code": 61642
          },
          {
            "name": "BARANGAY II (POB.)",
            "code": 24285
          },
          {
            "name": "BARANGAY III (POB.)",
            "code": 20058
          },
          {
            "name": "BARANGAY IV (POB.)",
            "code": 53684
          },
          {
            "name": "BINAGASBASAN",
            "code": 40872
          },
          {
            "name": "BURABOD",
            "code": 89310
          },
          {
            "name": "CAGAMUTAN",
            "code": 76774
          },
          {
            "name": "CAGNIPA",
            "code": 89013
          },
          {
            "name": "CANLONG",
            "code": 89723
          },
          {
            "name": "DANGLA",
            "code": 37798
          },
          {
            "name": "DEL PILAR",
            "code": 33969
          },
          {
            "name": "DENRICA",
            "code": 45157
          },
          {
            "name": "HARRISON",
            "code": 57494
          },
          {
            "name": "MANSANGAT",
            "code": 30388
          },
          {
            "name": "PAMBUHAN",
            "code": 89089
          },
          {
            "name": "SAGRADA",
            "code": 50374
          },
          {
            "name": "SALVACION",
            "code": 44601
          },
          {
            "name": "SAN VICENTE",
            "code": 24125
          },
          {
            "name": "SUMAOY",
            "code": 43805
          },
          {
            "name": "TAMIAWON",
            "code": 43658
          },
          {
            "name": "TOYTOY",
            "code": 57621
          }
        ]
      },
      "GOA": {
        "barangay_list": [
          {
            "name": "ABUCAYAN",
            "code": 72013
          },
          {
            "name": "BAGUMBAYAN GRANDE (POB.)",
            "code": 15124
          },
          {
            "name": "BAGUMBAYAN PEQUEÑO (POB.)",
            "code": 40249
          },
          {
            "name": "BALAYNAN",
            "code": 96878
          },
          {
            "name": "BELEN (POB.)",
            "code": 99560
          },
          {
            "name": "BUYO",
            "code": 78826
          },
          {
            "name": "CAGAYCAY",
            "code": 78557
          },
          {
            "name": "CATAGBACAN",
            "code": 21387
          },
          {
            "name": "DIGDIGON",
            "code": 95588
          },
          {
            "name": "GIMAGA",
            "code": 40769
          },
          {
            "name": "HALAWIG-GOGON",
            "code": 32557
          },
          {
            "name": "HIWACLOY",
            "code": 57693
          },
          {
            "name": "LA PURISIMA (POB.)",
            "code": 70848
          },
          {
            "name": "LAMON",
            "code": 68152
          },
          {
            "name": "MATACLA",
            "code": 24397
          },
          {
            "name": "MAYMATAN",
            "code": 43455
          },
          {
            "name": "MAYSALAY",
            "code": 71638
          },
          {
            "name": "NAPAWON (NAPUNUON)",
            "code": 96754
          },
          {
            "name": "PANDAY (POB.)",
            "code": 69877
          },
          {
            "name": "PAYATAN",
            "code": 53168
          },
          {
            "name": "PINAGLABANAN",
            "code": 88754
          },
          {
            "name": "SALOG",
            "code": 66786
          },
          {
            "name": "SAN BENITO (POB.)",
            "code": 64566
          },
          {
            "name": "SAN ISIDRO (POB.)",
            "code": 26093
          },
          {
            "name": "SAN ISIDRO WEST",
            "code": 91490
          },
          {
            "name": "SAN JOSE (POB.)",
            "code": 99073
          },
          {
            "name": "SAN JUAN BAUTISTA (POB.)",
            "code": 55649
          },
          {
            "name": "SAN JUAN EVANGELISTA (POB.)",
            "code": 32598
          },
          {
            "name": "SAN PEDRO (ARORO)",
            "code": 58400
          },
          {
            "name": "SCOUT FUENTEBELLA",
            "code": 89071
          },
          {
            "name": "TABGON",
            "code": 21430
          },
          {
            "name": "TAGONGTONG",
            "code": 71098
          },
          {
            "name": "TAMBAN (MABINI)",
            "code": 53975
          },
          {
            "name": "TAYTAY (HALGON EAST)",
            "code": 28791
          }
        ]
      },
      "IRIGA CITY": {
        "barangay_list": [
          {
            "name": "ANTIPOLO",
            "code": 23195
          },
          {
            "name": "CRISTO REY",
            "code": 76374
          },
          {
            "name": "DEL ROSARIO (BANAO)",
            "code": 53018
          },
          {
            "name": "FRANCIA",
            "code": 27188
          },
          {
            "name": "LA ANUNCIACION",
            "code": 59012
          },
          {
            "name": "LA MEDALLA",
            "code": 23016
          },
          {
            "name": "LA PURISIMA",
            "code": 34525
          },
          {
            "name": "LA TRINIDAD",
            "code": 30831
          },
          {
            "name": "NIÑO JESUS",
            "code": 72143
          },
          {
            "name": "PERPETUAL HELP",
            "code": 43509
          },
          {
            "name": "SAGRADA",
            "code": 40388
          },
          {
            "name": "SALVACION",
            "code": 27900
          },
          {
            "name": "SAN AGUSTIN",
            "code": 17115
          },
          {
            "name": "SAN ANDRES",
            "code": 16357
          },
          {
            "name": "SAN ANTONIO",
            "code": 66108
          },
          {
            "name": "SAN FRANCISCO (POB.)",
            "code": 74801
          },
          {
            "name": "SAN ISIDRO",
            "code": 72765
          },
          {
            "name": "SAN JOSE",
            "code": 11681
          },
          {
            "name": "SAN JUAN",
            "code": 76892
          },
          {
            "name": "SAN MIGUEL",
            "code": 83021
          },
          {
            "name": "SAN NICOLAS",
            "code": 96488
          },
          {
            "name": "SAN PEDRO",
            "code": 82277
          },
          {
            "name": "SAN RAFAEL",
            "code": 95036
          },
          {
            "name": "SAN RAMON",
            "code": 52239
          },
          {
            "name": "SAN ROQUE (POB.)",
            "code": 48524
          },
          {
            "name": "SAN VICENTE NORTE",
            "code": 35632
          },
          {
            "name": "SAN VICENTE SUR",
            "code": 53557
          },
          {
            "name": "SANTA CRUZ NORTE",
            "code": 76299
          },
          {
            "name": "SANTA CRUZ SUR",
            "code": 49211
          },
          {
            "name": "SANTA ELENA",
            "code": 48420
          },
          {
            "name": "SANTA ISABEL",
            "code": 26723
          },
          {
            "name": "SANTA MARIA",
            "code": 19539
          },
          {
            "name": "SANTA TERESITA",
            "code": 35901
          },
          {
            "name": "SANTIAGO",
            "code": 70912
          },
          {
            "name": "SANTO DOMINGO",
            "code": 82031
          },
          {
            "name": "SANTO NIÑO",
            "code": 45660
          }
        ]
      },
      "LAGONOY": {
        "barangay_list": [
          {
            "name": "AGOSAIS",
            "code": 69580
          },
          {
            "name": "AGPO-CAMAGONG-TABOG",
            "code": 47182
          },
          {
            "name": "AMOGUIS",
            "code": 51818
          },
          {
            "name": "BALATON",
            "code": 22678
          },
          {
            "name": "BINANUAHAN",
            "code": 31774
          },
          {
            "name": "BOCOGAN",
            "code": 22029
          },
          {
            "name": "BURABOD",
            "code": 46468
          },
          {
            "name": "CABOTONAN",
            "code": 63381
          },
          {
            "name": "DAHAT",
            "code": 84949
          },
          {
            "name": "DEL CARMEN",
            "code": 78943
          },
          {
            "name": "GIMAGTOCON",
            "code": 37620
          },
          {
            "name": "GINORANGAN (GENORANGAN)",
            "code": 61052
          },
          {
            "name": "GUBAT",
            "code": 60844
          },
          {
            "name": "GUIBAHOY",
            "code": 15680
          },
          {
            "name": "HIMANAG",
            "code": 31308
          },
          {
            "name": "KINAHOLOGAN",
            "code": 73054
          },
          {
            "name": "LOHO",
            "code": 57440
          },
          {
            "name": "MANAMOC",
            "code": 98059
          },
          {
            "name": "MANGOGON",
            "code": 36904
          },
          {
            "name": "MAPID",
            "code": 20104
          },
          {
            "name": "OLAS",
            "code": 79565
          },
          {
            "name": "OMALO",
            "code": 24208
          },
          {
            "name": "PANAGAN",
            "code": 17762
          },
          {
            "name": "PANICUAN",
            "code": 57292
          },
          {
            "name": "PINAMIHAGAN",
            "code": 75973
          },
          {
            "name": "SAN FRANCISCO (POB.)",
            "code": 83366
          },
          {
            "name": "SAN ISIDRO",
            "code": 58728
          },
          {
            "name": "SAN ISIDRO NORTE (POB.)",
            "code": 62214
          },
          {
            "name": "SAN ISIDRO SUR (POB.)",
            "code": 64601
          },
          {
            "name": "SAN RAFAEL",
            "code": 48571
          },
          {
            "name": "SAN RAMON",
            "code": 48471
          },
          {
            "name": "SAN ROQUE",
            "code": 48792
          },
          {
            "name": "SAN SEBASTIAN",
            "code": 60221
          },
          {
            "name": "SAN VICENTE (POB.)",
            "code": 74332
          },
          {
            "name": "SANTA CRUZ (POB.)",
            "code": 68694
          },
          {
            "name": "SANTA MARIA (POB.)",
            "code": 40274
          },
          {
            "name": "SARIPONGPONG (POB.)",
            "code": 59998
          },
          {
            "name": "SIPACO",
            "code": 53374
          }
        ]
      },
      "LIBMANAN": {
        "barangay_list": [
          {
            "name": "ASLONG",
            "code": 61313
          },
          {
            "name": "AWAYAN",
            "code": 35536
          },
          {
            "name": "BAGACAY",
            "code": 20149
          },
          {
            "name": "BAGADION",
            "code": 87297
          },
          {
            "name": "BAGAMELON",
            "code": 40381
          },
          {
            "name": "BAGUMBAYAN",
            "code": 60934
          },
          {
            "name": "BAHAO",
            "code": 61525
          },
          {
            "name": "BAHAY",
            "code": 46326
          },
          {
            "name": "BEGAJO NORTE",
            "code": 67479
          },
          {
            "name": "BEGAJO SUR",
            "code": 43013
          },
          {
            "name": "BEGUITO NUEVO",
            "code": 45641
          },
          {
            "name": "BEGUITO VIEJO",
            "code": 52233
          },
          {
            "name": "BIKAL",
            "code": 44476
          },
          {
            "name": "BUSAK",
            "code": 54750
          },
          {
            "name": "CAIMA",
            "code": 93460
          },
          {
            "name": "CALABNIGAN",
            "code": 74401
          },
          {
            "name": "CAMAMBUGAN",
            "code": 77563
          },
          {
            "name": "CAMBALIDIO",
            "code": 87309
          },
          {
            "name": "CANDAMI",
            "code": 14294
          },
          {
            "name": "CANDATO",
            "code": 21542
          },
          {
            "name": "CAWAYAN",
            "code": 95634
          },
          {
            "name": "CONCEPCION",
            "code": 49996
          },
          {
            "name": "CUYAPI",
            "code": 59520
          },
          {
            "name": "DANAWAN",
            "code": 16188
          },
          {
            "name": "DUANG NIOG",
            "code": 36005
          },
          {
            "name": "HANDONG",
            "code": 10567
          },
          {
            "name": "IBID",
            "code": 38056
          },
          {
            "name": "INALAHAN",
            "code": 33692
          },
          {
            "name": "LABAO",
            "code": 20430
          },
          {
            "name": "LIBOD I",
            "code": 85889
          },
          {
            "name": "LIBOD II",
            "code": 13111
          },
          {
            "name": "LOBA-LOBA",
            "code": 72936
          },
          {
            "name": "MABINI",
            "code": 22970
          },
          {
            "name": "MALANSAD NUEVO",
            "code": 64134
          },
          {
            "name": "MALANSAD VIEJO",
            "code": 55291
          },
          {
            "name": "MALBOGON",
            "code": 55402
          },
          {
            "name": "MALINAO",
            "code": 28920
          },
          {
            "name": "MAMBALITE",
            "code": 90426
          },
          {
            "name": "MAMBAYAWAS",
            "code": 34494
          },
          {
            "name": "MAMBULO NUEVO",
            "code": 76126
          },
          {
            "name": "MAMBULO VIEJO",
            "code": 21701
          },
          {
            "name": "MANCAWAYAN",
            "code": 75393
          },
          {
            "name": "MANDACANAN",
            "code": 18680
          },
          {
            "name": "MANTALISAY",
            "code": 97217
          },
          {
            "name": "PADLOS",
            "code": 55820
          },
          {
            "name": "PAG-ORING NUEVO",
            "code": 67831
          },
          {
            "name": "PAG-ORING VIEJO",
            "code": 39183
          },
          {
            "name": "PALANGON",
            "code": 41420
          },
          {
            "name": "PALONG",
            "code": 48549
          },
          {
            "name": "PATAG",
            "code": 56354
          },
          {
            "name": "PLANZA",
            "code": 46048
          },
          {
            "name": "POBLACION",
            "code": 94220
          },
          {
            "name": "POTOT",
            "code": 67387
          },
          {
            "name": "PURO-BATIA",
            "code": 20137
          },
          {
            "name": "RONGOS",
            "code": 78502
          },
          {
            "name": "SALVACION",
            "code": 50636
          },
          {
            "name": "SAN ISIDRO",
            "code": 26019
          },
          {
            "name": "SAN JUAN",
            "code": 47322
          },
          {
            "name": "SAN PABLO",
            "code": 58611
          },
          {
            "name": "SAN VICENTE",
            "code": 15742
          },
          {
            "name": "SIBUJO",
            "code": 88104
          },
          {
            "name": "SIGAMOT",
            "code": 82012
          },
          {
            "name": "STATION-CHURCH SITE",
            "code": 13507
          },
          {
            "name": "TABAN-FUNDADO",
            "code": 42148
          },
          {
            "name": "TAMPUHAN",
            "code": 37081
          },
          {
            "name": "TANAG",
            "code": 61348
          },
          {
            "name": "TARUM",
            "code": 26013
          },
          {
            "name": "TINALMUD NUEVO",
            "code": 19715
          },
          {
            "name": "TINALMUD VIEJO",
            "code": 27032
          },
          {
            "name": "TINANGKIHAN",
            "code": 70824
          },
          {
            "name": "UDOC",
            "code": 83504
          },
          {
            "name": "UMALO",
            "code": 13779
          },
          {
            "name": "USON",
            "code": 87645
          },
          {
            "name": "VILLADIMA (SANTA CRUZ)",
            "code": 17281
          },
          {
            "name": "VILLASOCORRO",
            "code": 30137
          }
        ]
      },
      "LUPI": {
        "barangay_list": [
          {
            "name": "ALLEOMAR",
            "code": 13439
          },
          {
            "name": "BAGANGAN SR.",
            "code": 78777
          },
          {
            "name": "BAGONG SIKAT",
            "code": 92109
          },
          {
            "name": "BANGON",
            "code": 44132
          },
          {
            "name": "BARRERA JR.",
            "code": 91819
          },
          {
            "name": "BARRERA SR.",
            "code": 55165
          },
          {
            "name": "BEL-CRUZ",
            "code": 31215
          },
          {
            "name": "BELWANG",
            "code": 34691
          },
          {
            "name": "BUENASUERTE",
            "code": 53544
          },
          {
            "name": "BULAWAN JR.",
            "code": 47206
          },
          {
            "name": "BULAWAN SR.",
            "code": 25788
          },
          {
            "name": "CABUTAGAN",
            "code": 96738
          },
          {
            "name": "CASAY",
            "code": 99210
          },
          {
            "name": "COLACLING (DEL ROSARIO)",
            "code": 75273
          },
          {
            "name": "CRISTO REY",
            "code": 19491
          },
          {
            "name": "DEL CARMEN",
            "code": 17763
          },
          {
            "name": "HAGUIMIT",
            "code": 73706
          },
          {
            "name": "HALUBAN (PIGBASAGAN)",
            "code": 26703
          },
          {
            "name": "KAIBIGAN",
            "code": 20689
          },
          {
            "name": "LA PURISIMA",
            "code": 96123
          },
          {
            "name": "LOURDES",
            "code": 84895
          },
          {
            "name": "MANGCAWAYAN",
            "code": 32495
          },
          {
            "name": "NAPOLIDAN",
            "code": 57061
          },
          {
            "name": "POBLACION",
            "code": 78999
          },
          {
            "name": "POLANTUNA",
            "code": 63532
          },
          {
            "name": "SAGRADA",
            "code": 58449
          },
          {
            "name": "SALVACION",
            "code": 56903
          },
          {
            "name": "SAN ISIDRO",
            "code": 83517
          },
          {
            "name": "SAN JOSE",
            "code": 83747
          },
          {
            "name": "SAN PEDRO",
            "code": 21288
          },
          {
            "name": "SAN RAFAEL NORTE",
            "code": 93253
          },
          {
            "name": "SAN RAFAEL SUR",
            "code": 20843
          },
          {
            "name": "SAN RAMON",
            "code": 31992
          },
          {
            "name": "SAN VICENTE",
            "code": 83711
          },
          {
            "name": "SOOC",
            "code": 96219
          },
          {
            "name": "TANAWAN",
            "code": 37402
          },
          {
            "name": "TAPI (LUPI NUEVO)",
            "code": 71319
          },
          {
            "name": "TIBLE",
            "code": 19976
          }
        ]
      },
      "MAGARAO": {
        "barangay_list": [
          {
            "name": "BAROBAYBAY",
            "code": 23412
          },
          {
            "name": "BELL (POB.)",
            "code": 23042
          },
          {
            "name": "CARANGCANG",
            "code": 55155
          },
          {
            "name": "CARIGSA",
            "code": 78318
          },
          {
            "name": "CASURAY",
            "code": 85502
          },
          {
            "name": "MONSERRAT (POB.)",
            "code": 22072
          },
          {
            "name": "PONONG",
            "code": 99631
          },
          {
            "name": "SAN FRANCISCO (POB.)",
            "code": 19367
          },
          {
            "name": "SAN ISIDRO (POB.)",
            "code": 24868
          },
          {
            "name": "SAN JUAN (POB.)",
            "code": 65316
          },
          {
            "name": "SAN MIGUEL",
            "code": 27336
          },
          {
            "name": "SAN PANTALEON (POB.)",
            "code": 50220
          },
          {
            "name": "SANTA LUCIA (POB.)",
            "code": 92986
          },
          {
            "name": "SANTA ROSA",
            "code": 18198
          },
          {
            "name": "SANTO TOMAS (POB.)",
            "code": 17960
          }
        ]
      },
      "MILAOR": {
        "barangay_list": [
          {
            "name": "ALIMBUYOG",
            "code": 46857
          },
          {
            "name": "AMPARADO (POB.)",
            "code": 31073
          },
          {
            "name": "BALAGBAG",
            "code": 50814
          },
          {
            "name": "BORONGBORONGAN",
            "code": 12888
          },
          {
            "name": "CABUGAO",
            "code": 34018
          },
          {
            "name": "CAPUCNASAN",
            "code": 44660
          },
          {
            "name": "DALIPAY",
            "code": 15982
          },
          {
            "name": "DEL ROSARIO (POB.)",
            "code": 12657
          },
          {
            "name": "FLORDELIZ",
            "code": 25857
          },
          {
            "name": "LIPOT",
            "code": 90651
          },
          {
            "name": "MAYAOPAYAWAN",
            "code": 34851
          },
          {
            "name": "MAYCATMON",
            "code": 30049
          },
          {
            "name": "MAYDASO",
            "code": 57251
          },
          {
            "name": "SAN ANTONIO",
            "code": 58433
          },
          {
            "name": "SAN JOSE (POB.)",
            "code": 77389
          },
          {
            "name": "SAN MIGUEL (POB.)",
            "code": 40783
          },
          {
            "name": "SAN ROQUE (POB.)",
            "code": 57275
          },
          {
            "name": "SAN VICENTE (POB.)",
            "code": 44068
          },
          {
            "name": "SANTO DOMINGO (POB.)",
            "code": 37495
          },
          {
            "name": "TARUSANAN",
            "code": 82443
          }
        ]
      },
      "MINALABAC": {
        "barangay_list": [
          {
            "name": "ANTIPOLO",
            "code": 18121
          },
          {
            "name": "BAGOLATAO",
            "code": 25119
          },
          {
            "name": "BAGONGBONG",
            "code": 29012
          },
          {
            "name": "BALIUAG NUEVO",
            "code": 97365
          },
          {
            "name": "BALIUAG VIEJO",
            "code": 14785
          },
          {
            "name": "CATANUSAN",
            "code": 78097
          },
          {
            "name": "DEL CARMEN-DEL ROSARIO (POB.)",
            "code": 74274
          },
          {
            "name": "DEL SOCORRO",
            "code": 14289
          },
          {
            "name": "HAMORAON",
            "code": 44489
          },
          {
            "name": "HOBO",
            "code": 40727
          },
          {
            "name": "IRAYANG SOLONG",
            "code": 85693
          },
          {
            "name": "MAGADAP",
            "code": 53994
          },
          {
            "name": "MALITBOG",
            "code": 20932
          },
          {
            "name": "MANAPAO",
            "code": 94918
          },
          {
            "name": "MATAOROC",
            "code": 98977
          },
          {
            "name": "SAGRADA (SAGRADA FAMILIA)",
            "code": 92551
          },
          {
            "name": "SALINGOGON",
            "code": 99201
          },
          {
            "name": "SAN ANTONIO",
            "code": 63495
          },
          {
            "name": "SAN FELIPE-SANTIAGO (POB.)",
            "code": 68416
          },
          {
            "name": "SAN FRANCISCO (POB.)",
            "code": 61591
          },
          {
            "name": "SAN JOSE",
            "code": 23173
          },
          {
            "name": "SAN JUAN-SAN LORENZO (POB.)",
            "code": 64939
          },
          {
            "name": "TABAN",
            "code": 86949
          },
          {
            "name": "TARIRIC",
            "code": 76361
          },
          {
            "name": "TIMBANG",
            "code": 77105
          }
        ]
      },
      "NABUA": {
        "barangay_list": [
          {
            "name": "ANGUSTIA (ANGUSTIA INAPATAN)",
            "code": 15507
          },
          {
            "name": "ANTIPOLO OLD",
            "code": 11442
          },
          {
            "name": "ANTIPOLO YOUNG",
            "code": 72174
          },
          {
            "name": "ARO-ALDAO",
            "code": 33943
          },
          {
            "name": "BUSTRAC",
            "code": 40892
          },
          {
            "name": "DOLOROSA (DOLOROSA INAPATAN)",
            "code": 77205
          },
          {
            "name": "DURAN (JESUS DURAN)",
            "code": 72112
          },
          {
            "name": "INAPATAN (DEL ROSARIO INAPATAN)",
            "code": 29849
          },
          {
            "name": "LA OPINION",
            "code": 70570
          },
          {
            "name": "LA PURISIMA (LA PURISIMA AGUPIT)",
            "code": 61740
          },
          {
            "name": "LOURDES OLD",
            "code": 63524
          },
          {
            "name": "LOURDES YOUNG",
            "code": 84741
          },
          {
            "name": "MALAWAG (SAN JOSE MALAWAG)",
            "code": 54840
          },
          {
            "name": "PALOYON ORIENTAL",
            "code": 59543
          },
          {
            "name": "PALOYON PROPER (SAGRADA PALOYON)",
            "code": 10431
          },
          {
            "name": "SALVACION QUE GATOS",
            "code": 61118
          },
          {
            "name": "SAN ANTONIO (POB.)",
            "code": 96281
          },
          {
            "name": "SAN ANTONIO OGBON",
            "code": 76913
          },
          {
            "name": "SAN ESTEBAN (POB.)",
            "code": 60313
          },
          {
            "name": "SAN FRANCISCO (POB.)",
            "code": 35973
          },
          {
            "name": "SAN ISIDRO (POB.)",
            "code": 69229
          },
          {
            "name": "SAN ISIDRO INAPATAN",
            "code": 13443
          },
          {
            "name": "SAN JOSE (SAN JOSE PANGARAON)",
            "code": 73976
          },
          {
            "name": "SAN JUAN (POB.)",
            "code": 10281
          },
          {
            "name": "SAN LUIS (POB.)",
            "code": 93758
          },
          {
            "name": "SAN MIGUEL (POB.)",
            "code": 36507
          },
          {
            "name": "SAN NICOLAS (POB.)",
            "code": 49246
          },
          {
            "name": "SAN ROQUE (POB.)",
            "code": 54046
          },
          {
            "name": "SAN ROQUE MADAWON",
            "code": 21399
          },
          {
            "name": "SAN ROQUE SAGUMAY",
            "code": 97900
          },
          {
            "name": "SAN VICENTE GORONG-GORONG",
            "code": 84546
          },
          {
            "name": "SAN VICENTE OGBON",
            "code": 46799
          },
          {
            "name": "SANTA BARBARA (MALIBAN)",
            "code": 52896
          },
          {
            "name": "SANTA CRUZ",
            "code": 43097
          },
          {
            "name": "SANTA ELENA BARAS",
            "code": 37898
          },
          {
            "name": "SANTA LUCIA BARAS",
            "code": 82787
          },
          {
            "name": "SANTIAGO OLD",
            "code": 82748
          },
          {
            "name": "SANTIAGO YOUNG",
            "code": 71041
          },
          {
            "name": "SANTO DOMINGO",
            "code": 38187
          },
          {
            "name": "TANDAAY",
            "code": 76741
          },
          {
            "name": "TOPAS PROPER",
            "code": 44643
          },
          {
            "name": "TOPAS SOGOD",
            "code": 70975
          }
        ]
      },
      "NAGA CITY": {
        "barangay_list": [
          {
            "name": "ABELLA",
            "code": 23255
          },
          {
            "name": "BAGUMBAYAN NORTE",
            "code": 49313
          },
          {
            "name": "BAGUMBAYAN SUR",
            "code": 12791
          },
          {
            "name": "BALATAS",
            "code": 88185
          },
          {
            "name": "CALAUAG",
            "code": 55802
          },
          {
            "name": "CARARAYAN",
            "code": 89627
          },
          {
            "name": "CAROLINA",
            "code": 10990
          },
          {
            "name": "CONCEPCION GRANDE",
            "code": 61972
          },
          {
            "name": "CONCEPCION PEQUEÑO",
            "code": 80864
          },
          {
            "name": "DAYANGDANG",
            "code": 81619
          },
          {
            "name": "DEL ROSARIO",
            "code": 81514
          },
          {
            "name": "DINAGA",
            "code": 31417
          },
          {
            "name": "IGUALDAD INTERIOR",
            "code": 96453
          },
          {
            "name": "LERMA",
            "code": 13575
          },
          {
            "name": "LIBOTON",
            "code": 85357
          },
          {
            "name": "MABOLO",
            "code": 81183
          },
          {
            "name": "PACOL",
            "code": 11109
          },
          {
            "name": "PANICUASON",
            "code": 92296
          },
          {
            "name": "PEÑAFRANCIA",
            "code": 18580
          },
          {
            "name": "SABANG",
            "code": 71775
          },
          {
            "name": "SAN FELIPE",
            "code": 39793
          },
          {
            "name": "SAN FRANCISCO (POB.)",
            "code": 28077
          },
          {
            "name": "SAN ISIDRO",
            "code": 97103
          },
          {
            "name": "SANTA CRUZ",
            "code": 98032
          },
          {
            "name": "TABUCO",
            "code": 71564
          },
          {
            "name": "TINAGO",
            "code": 38218
          },
          {
            "name": "TRIANGULO",
            "code": 17864
          }
        ]
      },
      "OCAMPO": {
        "barangay_list": [
          {
            "name": "AYUGAN",
            "code": 64058
          },
          {
            "name": "CABARIWAN",
            "code": 64826
          },
          {
            "name": "CAGMANABA",
            "code": 63400
          },
          {
            "name": "DEL ROSARIO",
            "code": 79849
          },
          {
            "name": "GATBO",
            "code": 38400
          },
          {
            "name": "GUINABAN",
            "code": 51867
          },
          {
            "name": "HANAWAN",
            "code": 12997
          },
          {
            "name": "HIBAGO",
            "code": 32759
          },
          {
            "name": "LA PURISIMA NUEVO",
            "code": 64799
          },
          {
            "name": "MAY-OGOB",
            "code": 33221
          },
          {
            "name": "NEW MORIONES",
            "code": 67603
          },
          {
            "name": "OLD MORIONES",
            "code": 35942
          },
          {
            "name": "PINIT",
            "code": 99825
          },
          {
            "name": "POBLACION CENTRAL",
            "code": 93047
          },
          {
            "name": "POBLACION EAST",
            "code": 21539
          },
          {
            "name": "POBLACION WEST",
            "code": 30874
          },
          {
            "name": "SALVACION",
            "code": 46971
          },
          {
            "name": "SAN ANTONIO",
            "code": 53758
          },
          {
            "name": "SAN FRANCISCO",
            "code": 34713
          },
          {
            "name": "SAN JOSE ORAS",
            "code": 51245
          },
          {
            "name": "SAN ROQUE COMMONAL",
            "code": 24825
          },
          {
            "name": "SAN VICENTE",
            "code": 82815
          },
          {
            "name": "SANTA CRUZ",
            "code": 23512
          },
          {
            "name": "SANTO NIÑO",
            "code": 38277
          },
          {
            "name": "VILLAFLORIDA",
            "code": 59702
          }
        ]
      },
      "PAMPLONA": {
        "barangay_list": [
          {
            "name": "BATANG",
            "code": 90382
          },
          {
            "name": "BURABOD",
            "code": 37194
          },
          {
            "name": "CAGBIBI",
            "code": 30103
          },
          {
            "name": "CAGBUNGA",
            "code": 63006
          },
          {
            "name": "CALAWAT",
            "code": 78541
          },
          {
            "name": "DEL ROSARIO",
            "code": 11946
          },
          {
            "name": "PATONG",
            "code": 29014
          },
          {
            "name": "POBLACION",
            "code": 39574
          },
          {
            "name": "SALVACION",
            "code": 27912
          },
          {
            "name": "SAN GABRIEL",
            "code": 92018
          },
          {
            "name": "SAN ISIDRO",
            "code": 22352
          },
          {
            "name": "SAN RAFAEL",
            "code": 18095
          },
          {
            "name": "SAN RAMON",
            "code": 32951
          },
          {
            "name": "SAN VICENTE",
            "code": 77152
          },
          {
            "name": "TAMBO",
            "code": 81716
          },
          {
            "name": "TAMPADONG",
            "code": 49723
          },
          {
            "name": "VENERACION (TAGUILID)",
            "code": 21433
          }
        ]
      },
      "PASACAO": {
        "barangay_list": [
          {
            "name": "ANTIPOLO",
            "code": 51986
          },
          {
            "name": "BAGONG SILANG",
            "code": 55024
          },
          {
            "name": "BAHAY",
            "code": 98779
          },
          {
            "name": "BALOGO",
            "code": 97802
          },
          {
            "name": "CARANAN",
            "code": 30579
          },
          {
            "name": "CUCO",
            "code": 80719
          },
          {
            "name": "DALUPAON",
            "code": 56070
          },
          {
            "name": "HUBO",
            "code": 67048
          },
          {
            "name": "ITULAN",
            "code": 83083
          },
          {
            "name": "MACAD (HEBRIO LOURDES)",
            "code": 31265
          },
          {
            "name": "ODICON",
            "code": 31913
          },
          {
            "name": "QUITANG",
            "code": 50130
          },
          {
            "name": "SALVACION",
            "code": 86442
          },
          {
            "name": "SAN ANTONIO",
            "code": 29886
          },
          {
            "name": "SAN CIRILO (POB.)",
            "code": 13351
          },
          {
            "name": "SANTA ROSA DEL NORTE (POB.)",
            "code": 22216
          },
          {
            "name": "SANTA ROSA DEL SUR (POB.)",
            "code": 22433
          },
          {
            "name": "TILNAC",
            "code": 99781
          },
          {
            "name": "TINALMUD",
            "code": 91260
          }
        ]
      },
      "PILI": {
        "barangay_list": [
          {
            "name": "ANAYAN",
            "code": 56020
          },
          {
            "name": "BAGONG SIRANG",
            "code": 51982
          },
          {
            "name": "BINANWAANAN",
            "code": 64621
          },
          {
            "name": "BINOBONG",
            "code": 88278
          },
          {
            "name": "CADLAN",
            "code": 33937
          },
          {
            "name": "CAROYROYAN",
            "code": 88310
          },
          {
            "name": "CURRY",
            "code": 10830
          },
          {
            "name": "DEL ROSARIO",
            "code": 19757
          },
          {
            "name": "HIMAAO",
            "code": 15247
          },
          {
            "name": "LA PURISIMA",
            "code": 15932
          },
          {
            "name": "NEW SAN ROQUE",
            "code": 19111
          },
          {
            "name": "OLD SAN ROQUE (POB.)",
            "code": 75918
          },
          {
            "name": "PALESTINA",
            "code": 60969
          },
          {
            "name": "PAWILI",
            "code": 35401
          },
          {
            "name": "SAGRADA",
            "code": 53517
          },
          {
            "name": "SAGURONG",
            "code": 22068
          },
          {
            "name": "SAN AGUSTIN",
            "code": 78159
          },
          {
            "name": "SAN ANTONIO (POB.)",
            "code": 94919
          },
          {
            "name": "SAN ISIDRO (POB.)",
            "code": 25081
          },
          {
            "name": "SAN JOSE",
            "code": 24457
          },
          {
            "name": "SAN JUAN (POB.)",
            "code": 80487
          },
          {
            "name": "SAN VICENTE (POB.)",
            "code": 92308
          },
          {
            "name": "SANTIAGO (POB.)",
            "code": 25002
          },
          {
            "name": "SANTO NIÑO",
            "code": 30135
          },
          {
            "name": "TAGBONG",
            "code": 82448
          },
          {
            "name": "TINANGIS",
            "code": 22221
          }
        ]
      },
      "PRESENTACION (PARUBCAN)": {
        "barangay_list": [
          {
            "name": "AYUGAO",
            "code": 55803
          },
          {
            "name": "BAGONG SIRANG",
            "code": 49891
          },
          {
            "name": "BALIGUIAN",
            "code": 24291
          },
          {
            "name": "BANTUGAN",
            "code": 18770
          },
          {
            "name": "BICALEN",
            "code": 33068
          },
          {
            "name": "BITAOGAN",
            "code": 96255
          },
          {
            "name": "BUENAVISTA",
            "code": 43669
          },
          {
            "name": "BULALACAO",
            "code": 14678
          },
          {
            "name": "CAGNIPA",
            "code": 60195
          },
          {
            "name": "LAGHA",
            "code": 51361
          },
          {
            "name": "LIDONG",
            "code": 75867
          },
          {
            "name": "LIWACSA",
            "code": 62997
          },
          {
            "name": "MAANGAS",
            "code": 14545
          },
          {
            "name": "PAGSANGAHAN",
            "code": 20380
          },
          {
            "name": "PATROCINIO",
            "code": 86197
          },
          {
            "name": "PILI",
            "code": 69213
          },
          {
            "name": "SANTA MARIA (POB.)",
            "code": 30621
          },
          {
            "name": "TANAWAN",
            "code": 72200
          }
        ]
      },
      "RAGAY": {
        "barangay_list": [
          {
            "name": "AGAO-AO",
            "code": 92037
          },
          {
            "name": "AGRUPACION",
            "code": 31825
          },
          {
            "name": "AMOMOKPOK",
            "code": 52377
          },
          {
            "name": "APAD",
            "code": 27486
          },
          {
            "name": "APALE",
            "code": 11088
          },
          {
            "name": "BANGA CAVES",
            "code": 49456
          },
          {
            "name": "BAYA",
            "code": 11942
          },
          {
            "name": "BINAHAN PROPER",
            "code": 42712
          },
          {
            "name": "BINAHAN UPPER",
            "code": 54024
          },
          {
            "name": "BUENASUERTE",
            "code": 66537
          },
          {
            "name": "CABADISAN",
            "code": 52449
          },
          {
            "name": "CABINITAN",
            "code": 96222
          },
          {
            "name": "CABUGAO",
            "code": 73579
          },
          {
            "name": "CADITAAN",
            "code": 28369
          },
          {
            "name": "CALE",
            "code": 60076
          },
          {
            "name": "CATABANGAN PROPER",
            "code": 84688
          },
          {
            "name": "F. SIMEON (PUGOD)",
            "code": 38794
          },
          {
            "name": "GODOFREDO REYES SR. (CATABANGAN CROSSING)",
            "code": 94522
          },
          {
            "name": "INANDAWA",
            "code": 70446
          },
          {
            "name": "LAGUIO",
            "code": 46688
          },
          {
            "name": "LANIPGA-CAWAYAN",
            "code": 94404
          },
          {
            "name": "LIBORO",
            "code": 20833
          },
          {
            "name": "LOHONG",
            "code": 90674
          },
          {
            "name": "LOWER OMON",
            "code": 32033
          },
          {
            "name": "LOWER SANTA CRUZ",
            "code": 81440
          },
          {
            "name": "PANAYTAYAN",
            "code": 34144
          },
          {
            "name": "PANAYTAYAN NUEVO",
            "code": 79572
          },
          {
            "name": "PATALUNAN",
            "code": 42937
          },
          {
            "name": "POBLACION ILAOD",
            "code": 30536
          },
          {
            "name": "POBLACION IRAYA",
            "code": 87171
          },
          {
            "name": "PORT JUNCTION NORTE",
            "code": 21617
          },
          {
            "name": "PORT JUNCTION SUR",
            "code": 31917
          },
          {
            "name": "SALVACION",
            "code": 82469
          },
          {
            "name": "SAMAY",
            "code": 85284
          },
          {
            "name": "SAN RAFAEL",
            "code": 17597
          },
          {
            "name": "TAGBAC",
            "code": 96228
          },
          {
            "name": "UPPER OMON",
            "code": 79502
          },
          {
            "name": "UPPER SANTA CRUZ",
            "code": 29143
          }
        ]
      },
      "SAGÑAY": {
        "barangay_list": [
          {
            "name": "ANIOG",
            "code": 50974
          },
          {
            "name": "ATULAYAN",
            "code": 67348
          },
          {
            "name": "BONGALON",
            "code": 92096
          },
          {
            "name": "BURACAN",
            "code": 84666
          },
          {
            "name": "CATALOTOAN",
            "code": 79211
          },
          {
            "name": "DEL CARMEN (POB.)",
            "code": 77310
          },
          {
            "name": "KILANTAAO",
            "code": 73609
          },
          {
            "name": "KILOMAON",
            "code": 55380
          },
          {
            "name": "MABCA",
            "code": 30836
          },
          {
            "name": "MINADONGJOL",
            "code": 74266
          },
          {
            "name": "NATO",
            "code": 59306
          },
          {
            "name": "PATITINAN",
            "code": 36869
          },
          {
            "name": "SAN ANTONIO (POB.)",
            "code": 66897
          },
          {
            "name": "SAN ISIDRO (POB.)",
            "code": 31200
          },
          {
            "name": "SAN ROQUE (POB.)",
            "code": 45414
          },
          {
            "name": "SANTO NIÑO",
            "code": 16273
          },
          {
            "name": "SIBAGUAN",
            "code": 76932
          },
          {
            "name": "TINORONGAN",
            "code": 20230
          },
          {
            "name": "TURAGUE",
            "code": 61730
          }
        ]
      },
      "SAN FERNANDO": {
        "barangay_list": [
          {
            "name": "ALIANZA",
            "code": 86220
          },
          {
            "name": "BEBERON",
            "code": 83502
          },
          {
            "name": "BICAL",
            "code": 21909
          },
          {
            "name": "BOCAL",
            "code": 73602
          },
          {
            "name": "BONIFACIO (POB.)",
            "code": 78381
          },
          {
            "name": "BUENAVISTA (POB.)",
            "code": 70774
          },
          {
            "name": "CALASCAGAS",
            "code": 42208
          },
          {
            "name": "COTMO",
            "code": 97678
          },
          {
            "name": "DACULANG TUBIG",
            "code": 89228
          },
          {
            "name": "DEL PILAR (POB.)",
            "code": 47515
          },
          {
            "name": "GARAN",
            "code": 14944
          },
          {
            "name": "GRIJALVO",
            "code": 34972
          },
          {
            "name": "LUPI",
            "code": 52849
          },
          {
            "name": "MARAGUIN",
            "code": 25232
          },
          {
            "name": "PAMUKID",
            "code": 41391
          },
          {
            "name": "PINAMASAGAN",
            "code": 49882
          },
          {
            "name": "PIPIAN",
            "code": 56429
          },
          {
            "name": "PLANZA",
            "code": 13045
          },
          {
            "name": "RIZAL (POB.)",
            "code": 24392
          },
          {
            "name": "SAN JOAQUIN",
            "code": 14679
          },
          {
            "name": "SANTA CRUZ",
            "code": 30413
          },
          {
            "name": "TAGPOCOL",
            "code": 83991
          }
        ]
      },
      "SAN JOSE": {
        "barangay_list": [
          {
            "name": "ADIANGAO",
            "code": 13341
          },
          {
            "name": "BAGACAY",
            "code": 73770
          },
          {
            "name": "BAHAY",
            "code": 82879
          },
          {
            "name": "BOCLOD",
            "code": 38326
          },
          {
            "name": "CALALAHAN",
            "code": 61518
          },
          {
            "name": "CALAWIT",
            "code": 77834
          },
          {
            "name": "CAMAGONG",
            "code": 60724
          },
          {
            "name": "CATALOTOAN",
            "code": 82941
          },
          {
            "name": "DANLOG",
            "code": 72651
          },
          {
            "name": "DEL CARMEN (POB.)",
            "code": 62274
          },
          {
            "name": "DOLO",
            "code": 55901
          },
          {
            "name": "KINALANSAN",
            "code": 81237
          },
          {
            "name": "MAMPIRAO",
            "code": 89986
          },
          {
            "name": "MANZANA",
            "code": 85534
          },
          {
            "name": "MINORO",
            "code": 61268
          },
          {
            "name": "PALALE",
            "code": 31490
          },
          {
            "name": "PONGLON",
            "code": 20340
          },
          {
            "name": "PUGAY",
            "code": 64111
          },
          {
            "name": "SABANG",
            "code": 56660
          },
          {
            "name": "SALOGON",
            "code": 71754
          },
          {
            "name": "SAN ANTONIO (POB.)",
            "code": 84832
          },
          {
            "name": "SAN JUAN (POB.)",
            "code": 47579
          },
          {
            "name": "SAN VICENTE (POB.)",
            "code": 10279
          },
          {
            "name": "SANTA CRUZ (POB.)",
            "code": 59503
          },
          {
            "name": "SOLEDAD (POB.)",
            "code": 38418
          },
          {
            "name": "TAGAS",
            "code": 32795
          },
          {
            "name": "TAMBANGAN",
            "code": 31011
          },
          {
            "name": "TELEGRAFO",
            "code": 96593
          },
          {
            "name": "TOMINAWOG",
            "code": 49550
          }
        ]
      },
      "SIPOCOT": {
        "barangay_list": [
          {
            "name": "ALDEZAR",
            "code": 30793
          },
          {
            "name": "ALTEZA",
            "code": 38119
          },
          {
            "name": "ANIB",
            "code": 71342
          },
          {
            "name": "AWAYAN",
            "code": 18305
          },
          {
            "name": "AZUCENA",
            "code": 22605
          },
          {
            "name": "BAGONG SIRANG",
            "code": 83501
          },
          {
            "name": "BINAHIAN",
            "code": 65053
          },
          {
            "name": "BOLO NORTE",
            "code": 24326
          },
          {
            "name": "BOLO SUR",
            "code": 64171
          },
          {
            "name": "BULAN",
            "code": 14589
          },
          {
            "name": "BULAWAN",
            "code": 66696
          },
          {
            "name": "CABUYAO",
            "code": 21448
          },
          {
            "name": "CAIMA",
            "code": 22887
          },
          {
            "name": "CALAGBANGAN",
            "code": 33891
          },
          {
            "name": "CALAMPINAY",
            "code": 91256
          },
          {
            "name": "CARAYRAYAN",
            "code": 66454
          },
          {
            "name": "COTMO",
            "code": 26719
          },
          {
            "name": "GABI",
            "code": 74242
          },
          {
            "name": "GAONGAN",
            "code": 12360
          },
          {
            "name": "IMPIG",
            "code": 35065
          },
          {
            "name": "LIPILIP",
            "code": 45101
          },
          {
            "name": "LUBIGAN JR.",
            "code": 39352
          },
          {
            "name": "LUBIGAN SR.",
            "code": 32008
          },
          {
            "name": "MALAGUICO",
            "code": 10695
          },
          {
            "name": "MALUBAGO",
            "code": 33043
          },
          {
            "name": "MANANGLE",
            "code": 40282
          },
          {
            "name": "MANGAPO",
            "code": 98364
          },
          {
            "name": "MANGGA",
            "code": 80797
          },
          {
            "name": "MANLUBANG",
            "code": 23650
          },
          {
            "name": "MANTILA",
            "code": 27250
          },
          {
            "name": "NORTH CENTRO (POB.)",
            "code": 21516
          },
          {
            "name": "NORTH VILLAZAR",
            "code": 69585
          },
          {
            "name": "SAGRADA FAMILIA",
            "code": 23449
          },
          {
            "name": "SALANDA",
            "code": 26240
          },
          {
            "name": "SALVACION",
            "code": 68934
          },
          {
            "name": "SAN ISIDRO",
            "code": 92595
          },
          {
            "name": "SAN VICENTE",
            "code": 60422
          },
          {
            "name": "SERRANZANA",
            "code": 69297
          },
          {
            "name": "SOUTH CENTRO (POB.)",
            "code": 95680
          },
          {
            "name": "SOUTH VILLAZAR",
            "code": 47805
          },
          {
            "name": "TAISAN",
            "code": 85888
          },
          {
            "name": "TARA",
            "code": 84026
          },
          {
            "name": "TIBLE",
            "code": 32868
          },
          {
            "name": "TULA-TULA",
            "code": 54522
          },
          {
            "name": "VIGAAN",
            "code": 13656
          },
          {
            "name": "YABO",
            "code": 96924
          }
        ]
      },
      "SIRUMA": {
        "barangay_list": [
          {
            "name": "BAGONG SIRANG",
            "code": 75556
          },
          {
            "name": "BAHAO",
            "code": 31738
          },
          {
            "name": "BOBOAN",
            "code": 48019
          },
          {
            "name": "BUTAWANAN",
            "code": 52319
          },
          {
            "name": "CABUGAO",
            "code": 70004
          },
          {
            "name": "FUNDADO",
            "code": 47935
          },
          {
            "name": "HOMESTEAD",
            "code": 55945
          },
          {
            "name": "LA PURISIMA",
            "code": 58231
          },
          {
            "name": "MABUHAY",
            "code": 96173
          },
          {
            "name": "MALACONINI",
            "code": 58081
          },
          {
            "name": "MATANDANG SIRUMA",
            "code": 62943
          },
          {
            "name": "NALAYAHAN",
            "code": 55022
          },
          {
            "name": "PAMINTAN-BANTILAN",
            "code": 81582
          },
          {
            "name": "PINITAN",
            "code": 17441
          },
          {
            "name": "POBLACION",
            "code": 27819
          },
          {
            "name": "SALVACION",
            "code": 53166
          },
          {
            "name": "SAN ANDRES",
            "code": 18549
          },
          {
            "name": "SAN RAMON (DALDAGON)",
            "code": 44846
          },
          {
            "name": "SULPA",
            "code": 20639
          },
          {
            "name": "TANDOC",
            "code": 64495
          },
          {
            "name": "TONGO-BANTIGUE",
            "code": 85304
          },
          {
            "name": "VITO",
            "code": 79268
          }
        ]
      },
      "TIGAON": {
        "barangay_list": [
          {
            "name": "ABO",
            "code": 91373
          },
          {
            "name": "CABALINADAN",
            "code": 82110
          },
          {
            "name": "CARAYCAYON",
            "code": 17818
          },
          {
            "name": "CASUNA",
            "code": 94729
          },
          {
            "name": "CONSOCEP",
            "code": 41931
          },
          {
            "name": "COYAOYAO",
            "code": 68549
          },
          {
            "name": "GAAO",
            "code": 13908
          },
          {
            "name": "GINGAROY",
            "code": 32494
          },
          {
            "name": "GUBAT",
            "code": 82565
          },
          {
            "name": "HUYONHUYON",
            "code": 45235
          },
          {
            "name": "LIBOD",
            "code": 51576
          },
          {
            "name": "MABALODBALOD",
            "code": 93558
          },
          {
            "name": "MAY-ANAO",
            "code": 71260
          },
          {
            "name": "PANAGAN",
            "code": 78307
          },
          {
            "name": "POBLACION",
            "code": 90105
          },
          {
            "name": "SALVACION",
            "code": 31817
          },
          {
            "name": "SAN ANTONIO",
            "code": 50280
          },
          {
            "name": "SAN FRANCISCO",
            "code": 82039
          },
          {
            "name": "SAN MIGUEL",
            "code": 74344
          },
          {
            "name": "SAN RAFAEL",
            "code": 18024
          },
          {
            "name": "TALOJONGON",
            "code": 18077
          },
          {
            "name": "TINAWAGAN",
            "code": 98519
          },
          {
            "name": "VINAGRE",
            "code": 54660
          }
        ]
      },
      "TINAMBAC": {
        "barangay_list": [
          {
            "name": "AGAY-AYAN",
            "code": 61491
          },
          {
            "name": "ANTIPOLO",
            "code": 95469
          },
          {
            "name": "BAGACAY",
            "code": 40339
          },
          {
            "name": "BANGA",
            "code": 89468
          },
          {
            "name": "BANI",
            "code": 96795
          },
          {
            "name": "BATAAN",
            "code": 38950
          },
          {
            "name": "BINALAY",
            "code": 77269
          },
          {
            "name": "BOLAOBALITE",
            "code": 78584
          },
          {
            "name": "BUENAVISTA",
            "code": 40566
          },
          {
            "name": "BUYO",
            "code": 16464
          },
          {
            "name": "CAGLILIOG",
            "code": 49661
          },
          {
            "name": "CALOCO",
            "code": 37126
          },
          {
            "name": "CAMAGONG",
            "code": 68010
          },
          {
            "name": "CANAYONAN",
            "code": 16491
          },
          {
            "name": "CAWAYNAN",
            "code": 36196
          },
          {
            "name": "DALIGAN",
            "code": 86669
          },
          {
            "name": "FILARCA (POB.)",
            "code": 64766
          },
          {
            "name": "LA MEDALLA (MILE 9)",
            "code": 38334
          },
          {
            "name": "LA PURISIMA (POB.)",
            "code": 75702
          },
          {
            "name": "LUPI",
            "code": 33963
          },
          {
            "name": "MAGSAYSAY (CAMP 4)",
            "code": 97915
          },
          {
            "name": "MAGTANG",
            "code": 31094
          },
          {
            "name": "MANANAO",
            "code": 52489
          },
          {
            "name": "NEW CAALUAN",
            "code": 76005
          },
          {
            "name": "OLAG GRANDE",
            "code": 42569
          },
          {
            "name": "OLAG PEQUEÑO",
            "code": 32083
          },
          {
            "name": "OLD CAALUAN",
            "code": 21443
          },
          {
            "name": "PAG-ASA",
            "code": 85285
          },
          {
            "name": "PANTAT",
            "code": 68902
          },
          {
            "name": "SAGRADA (CAMP 6)",
            "code": 50020
          },
          {
            "name": "SALVACION",
            "code": 80254
          },
          {
            "name": "SALVACION POBLACION",
            "code": 20884
          },
          {
            "name": "SAN ANTONIO",
            "code": 52254
          },
          {
            "name": "SAN ISIDRO (POB.)",
            "code": 19616
          },
          {
            "name": "SAN JOSE (TILTILAN)",
            "code": 29649
          },
          {
            "name": "SAN PASCUAL (POB.)",
            "code": 30994
          },
          {
            "name": "SAN RAMON (CAMP 7)",
            "code": 85208
          },
          {
            "name": "SAN ROQUE",
            "code": 73359
          },
          {
            "name": "SAN VICENTE",
            "code": 84904
          },
          {
            "name": "SANTA CRUZ (POB.)",
            "code": 64118
          },
          {
            "name": "SOGOD",
            "code": 79194
          },
          {
            "name": "TAMBANG",
            "code": 29751
          },
          {
            "name": "TIERRA NEVADA",
            "code": 68600
          },
          {
            "name": "UNION",
            "code": 27896
          }
        ]
      }
    }
  }
}
